residue,scores,APR
Q,0.0785439411799113,0
V,0.14985674619674683,0
Q,0.15481730022778115,0
L,0.3197540535281102,0
V,0.322025828063488,0
Q,0.3245397210121155,0
S,0.17500744760036469,0
G,0.05835561081767082,0
A,0.04851461574435234,0
E,0.03863178566098213,0
V,0.03655543923377991,0
K,0.03404637426137924,0
K,0.026757480576634407,0
P,0.00151944684330374,0
G,0.015123375691473484,0
S,0.06568268686532974,0
S,0.08476228266954422,0
V,0.22429798543453217,0
K,0.23175740242004395,0
V,0.27837657928466797,0
S,0.2650755047798157,0
C,0.21584130823612213,0
K,0.19867266714572906,0
A,0.060024771839380264,0
S,0.08063728362321854,0
G,0.17423929274082184,0
G,0.28340139985084534,0
T,0.3461306095123291,0
F,0.3723377287387848,0
W,0.4205359220504761,0
F,0.39863717555999756,0
G,0.41712626814842224,0
A,0.3441145420074463,0
F,0.2892742156982422,0
T,0.2658854126930237,0
W,0.21689383685588837,0
V,0.21046411991119385,0
R,0.051020074635744095,0
Q,0.01448963861912489,0
A,0.005047245416790247,0
P,0.00015847595932427794,0
G,0.0023176432587206364,0
Q,0.029166938737034798,0
G,0.08659309893846512,0
L,0.1134733185172081,0
E,0.13059332966804504,0
W,0.21409235894680023,0
M,0.2130720466375351,0
G,0.23511727154254913,0
G,0.3045755624771118,0
I,0.2903023362159729,0
I,0.3068825304508209,0
P,0.22521142661571503,0
I,0.22766853868961334,0
F,0.2278328686952591,0
G,0.12373220175504684,0
L,0.11465629935264587,0
T,0.09252520650625229,0
N,0.09635462611913681,0
L,0.09986007213592529,0
A,0.0508926622569561,0
Q,0.03228887915611267,0
N,0.03304371237754822,0
F,0.03257255628705025,0
Q,0.029840193688869476,0
G,0.09454771876335144,0
R,0.1135399118065834,0
V,0.21495294570922852,0
T,0.214040145277977,0
I,0.20399107038974762,0
T,0.2092391699552536,0
A,0.14404889941215515,0
D,0.1269872784614563,0
E,0.02450459636747837,0
S,0.14531607925891876,0
T,0.2780614197254181,0
S,0.31649288535118103,0
T,0.3391726016998291,0
V,0.45015016198158264,0
Y,0.45309290289878845,0
M,0.32944801449775696,0
E,0.1958014816045761,0
L,0.1491764485836029,0
S,0.11984386295080185,0
S,0.006862815003842115,0
L,0.0009617746691219509,0
R,0.0011345577659085393,0
S,0.013620398938655853,0
E,0.0200835932046175,0
D,0.04159512743353844,0
T,0.18856942653656006,0
A,0.3232966363430023,0
V,0.3762764036655426,0
Y,0.3689412772655487,0
Y,0.36287155747413635,0
C,0.34130486845970154,0
A,0.19439120590686798,0
R,0.060858432203531265,0
S,0.007669153157621622,0
S,0.002916955389082432,0
R,0.007982545532286167,0
I,0.009565504267811775,0
Y,0.012104093097150326,0
D,0.010788396932184696,0
L,0.012065454386174679,0
N,0.011953306384384632,0
P,0.010144184343516827,0
S,0.034682463854551315,0
L,0.03545672073960304,0
T,0.03623377904295921,0
A,0.038446489721536636,0
Y,0.05458387732505798,0
Y,0.07249224931001663,0
D,0.10751527547836304,0
M,0.22563688457012177,0
D,0.22780798375606537,0
V,0.2431332916021347,0
W,0.22801858186721802,0
G,0.30185630917549133,0
Q,0.2795969843864441,0
G,0.26679182052612305,0
T,0.3949012756347656,0
M,0.4343867301940918,0
V,0.4329217200477918,0
T,0.3375102107723554,0
V,0.14930775264898935,0
S,0.09494838118553162,0
S,0.029403239488601685,0
